Message Name,Message ID (Hex),Message ID (Dec),Message Length (Bytes),Signal Name,Start Bit,Length (Bits),Byte Order,Type,Scale,Offset,Minimum,Maximum,Unit,Comment
E888_0x0FF,0xff,255,8,ID3,7,8,Motorola (Big Endian),Unsigned,1,0,,,,
E888_0x0FF,0xff,255,8,PWM_7_Duty,15,8,Motorola (Big Endian),Unsigned,0.3921568627,0,0,99.9999999885,%,
E888_0x0FF,0xff,255,8,PWM_5_Duty,15,8,Motorola (Big Endian),Unsigned,0.3921568627,0,0,99.9999999885,%,
E888_0x0FF,0xff,255,8,PWM_3_Duty,15,8,Motorola (Big Endian),Unsigned,0.3921568627,0,0,99.9999999885,%,
E888_0x0FF,0xff,255,8,PWM_1_Duty,15,8,Motorola (Big Endian),Unsigned,0.3921568627,0,0,99.9999999885,%,
E888_0x0FF,0xff,255,8,PWM_7_Frequency,23,16,Motorola (Big Endian),Unsigned,1,0,,,Hz,
E888_0x0FF,0xff,255,8,PWM_5_Frequency,23,16,Motorola (Big Endian),Unsigned,1,0,,,Hz,
E888_0x0FF,0xff,255,8,PWM_3_Frequency,23,16,Motorola (Big Endian),Unsigned,1,0,,,Hz,
E888_0x0FF,0xff,255,8,PWM_1_Frequency,23,16,Motorola (Big Endian),Unsigned,1,0,,,Hz,
E888_0x0FF,0xff,255,8,PWM_8_Duty,47,8,Motorola (Big Endian),Unsigned,0.3921568627,0,0,99.9999999885,%,
E888_0x0FF,0xff,255,8,PWM_6_Duty,47,8,Motorola (Big Endian),Unsigned,0.3921568627,0,0,99.9999999885,%,
E888_0x0FF,0xff,255,8,PWM_4_Duty,47,8,Motorola (Big Endian),Unsigned,0.3921568627,0,0,99.9999999885,%,
E888_0x0FF,0xff,255,8,PWM_2_Duty,47,8,Motorola (Big Endian),Unsigned,0.3921568627,0,0,99.9999999885,%,
E888_0x0FF,0xff,255,8,PWM_8_Frequency,55,16,Motorola (Big Endian),Unsigned,1,0,,,Hz,
E888_0x0FF,0xff,255,8,PWM_6_Frequency,55,16,Motorola (Big Endian),Unsigned,1,0,,,Hz,
E888_0x0FF,0xff,255,8,PWM_4_Frequency,55,16,Motorola (Big Endian),Unsigned,1,0,,,Hz,
E888_0x0FF,0xff,255,8,PWM_2_Frequency,55,16,Motorola (Big Endian),Unsigned,1,0,,,Hz,
E888_0x0FB,0xfb,251,8,ID3,7,8,Motorola (Big Endian),Unsigned,1,0,,,,
E888_0x0FB,0xfb,251,8,PWM_7_Duty,15,8,Motorola (Big Endian),Unsigned,0.3921568627,0,0,99.9999999885,%,
E888_0x0FB,0xfb,251,8,PWM_5_Duty,15,8,Motorola (Big Endian),Unsigned,0.3921568627,0,0,99.9999999885,%,
E888_0x0FB,0xfb,251,8,PWM_3_Duty,15,8,Motorola (Big Endian),Unsigned,0.3921568627,0,0,99.9999999885,%,
E888_0x0FB,0xfb,251,8,PWM_1_Duty,15,8,Motorola (Big Endian),Unsigned,0.3921568627,0,0,99.9999999885,%,
E888_0x0FB,0xfb,251,8,PWM_7_Frequency,23,16,Motorola (Big Endian),Unsigned,1,0,,,Hz,
E888_0x0FB,0xfb,251,8,PWM_5_Frequency,23,16,Motorola (Big Endian),Unsigned,1,0,,,Hz,
E888_0x0FB,0xfb,251,8,PWM_3_Frequency,23,16,Motorola (Big Endian),Unsigned,1,0,,,Hz,
E888_0x0FB,0xfb,251,8,PWM_1_Frequency,23,16,Motorola (Big Endian),Unsigned,1,0,,,Hz,
E888_0x0FB,0xfb,251,8,PWM_8_Duty,47,8,Motorola (Big Endian),Unsigned,0.3921568627,0,0,99.9999999885,%,
E888_0x0FB,0xfb,251,8,PWM_6_Duty,47,8,Motorola (Big Endian),Unsigned,0.3921568627,0,0,99.9999999885,%,
E888_0x0FB,0xfb,251,8,PWM_4_Duty,47,8,Motorola (Big Endian),Unsigned,0.3921568627,0,0,99.9999999885,%,
E888_0x0FB,0xfb,251,8,PWM_2_Duty,47,8,Motorola (Big Endian),Unsigned,0.3921568627,0,0,99.9999999885,%,
E888_0x0FB,0xfb,251,8,PWM_8_Frequency,55,16,Motorola (Big Endian),Unsigned,1,0,,,Hz,
E888_0x0FB,0xfb,251,8,PWM_6_Frequency,55,16,Motorola (Big Endian),Unsigned,1,0,,,Hz,
E888_0x0FB,0xfb,251,8,PWM_4_Frequency,55,16,Motorola (Big Endian),Unsigned,1,0,,,Hz,
E888_0x0FB,0xfb,251,8,PWM_2_Frequency,55,16,Motorola (Big Endian),Unsigned,1,0,,,Hz,
E888_0x0FD,0xfd,253,8,ID2,7,4,Motorola (Big Endian),Unsigned,1,0,,,,
E888_0x0FD,0xfd,253,8,minus_5V,3,12,Motorola (Big Endian),Signed,0.01,0,,,V,
E888_0x0FD,0xfd,253,8,CJC1,3,12,Motorola (Big Endian),Unsigned,1,-200,,,C,
E888_0x0FD,0xfd,253,8,_4_5v,3,12,Motorola (Big Endian),Unsigned,0.01,0,,,V,
E888_0x0FD,0xfd,253,8,E888_Status_Flags,23,16,Motorola (Big Endian),Unsigned,1,0,,,,
E888_0x0FD,0xfd,253,8,CJC2,23,16,Motorola (Big Endian),Unsigned,1,-200,,,C,
E888_0x0FD,0xfd,253,8,_8vAux,23,16,Motorola (Big Endian),Unsigned,0.01,0,,,V,
E888_0x0FD,0xfd,253,8,Version_Number,39,16,Motorola (Big Endian),Unsigned,1,0,,,,
E888_0x0FD,0xfd,253,8,CJC3,39,16,Motorola (Big Endian),Unsigned,1,-200,,,C,
E888_0x0FD,0xfd,253,8,_5vAux,39,16,Motorola (Big Endian),Unsigned,0.01,0,,,V,
E888_0x0FD,0xfd,253,8,VBat,55,16,Motorola (Big Endian),Unsigned,0.01,0,,,V,
E888_0x0FD,0xfd,253,8,Dig1_6_State,53,6,Motorola (Big Endian),Unsigned,1,0,,,,
E888_0x0FD,0xfd,253,8,Output_Faults,59,4,Motorola (Big Endian),Unsigned,1,0,,,,
E888_0x0F9,0xf9,249,8,ID2,7,4,Motorola (Big Endian),Unsigned,1,0,,,,
E888_0x0F9,0xf9,249,8,minus_5V,3,12,Motorola (Big Endian),Signed,0.01,0,,,V,
E888_0x0F9,0xf9,249,8,CJC1,3,12,Motorola (Big Endian),Unsigned,1,-200,,,C,
E888_0x0F9,0xf9,249,8,_4_5v,3,12,Motorola (Big Endian),Unsigned,0.01,0,,,V,
E888_0x0F9,0xf9,249,8,E888_Status_Flags,23,16,Motorola (Big Endian),Unsigned,1,0,,,,
E888_0x0F9,0xf9,249,8,CJC2,23,16,Motorola (Big Endian),Unsigned,1,-200,,,C,
E888_0x0F9,0xf9,249,8,_8vAux,23,16,Motorola (Big Endian),Unsigned,0.01,0,,,V,
E888_0x0F9,0xf9,249,8,Version_Number,39,16,Motorola (Big Endian),Unsigned,1,0,,,,
E888_0x0F9,0xf9,249,8,CJC3,39,16,Motorola (Big Endian),Unsigned,1,-200,,,C,
E888_0x0F9,0xf9,249,8,_5vAux,39,16,Motorola (Big Endian),Unsigned,0.01,0,,,V,
E888_0x0F9,0xf9,249,8,VBat,55,16,Motorola (Big Endian),Unsigned,0.01,0,,,V,
E888_0x0F9,0xf9,249,8,Dig1_6_State,53,6,Motorola (Big Endian),Unsigned,1,0,,,,
E888_0x0F9,0xf9,249,8,Output_Faults,59,4,Motorola (Big Endian),Unsigned,1,0,,,,
E888_0x0FC,0xfc,252,8,ID1,7,3,Motorola (Big Endian),Unsigned,1,0,,,,
E888_0x0FC,0xfc,252,8,AV8,4,13,Motorola (Big Endian),Unsigned,1,0,,,mV,
E888_0x0FC,0xfc,252,8,AV7,4,13,Motorola (Big Endian),Unsigned,1,0,,,mV,
E888_0x0FC,0xfc,252,8,AV5,4,13,Motorola (Big Endian),Unsigned,1,0,,,mV,
E888_0x0FC,0xfc,252,8,AV3,4,13,Motorola (Big Endian),Unsigned,1,0,,,mV,
E888_0x0FC,0xfc,252,8,AV1,4,13,Motorola (Big Endian),Unsigned,1,0,,,mV,
E888_0x0FC,0xfc,252,8,TC8,23,16,Motorola (Big Endian),Signed,0.25,0,,,C,
E888_0x0FC,0xfc,252,8,TC7,23,16,Motorola (Big Endian),Signed,0.25,0,,,C,
E888_0x0FC,0xfc,252,8,AV6,23,16,Motorola (Big Endian),Unsigned,1,0,,,mV,
E888_0x0FC,0xfc,252,8,AV4,23,16,Motorola (Big Endian),Unsigned,1,0,,,mV,
E888_0x0FC,0xfc,252,8,AV2,23,16,Motorola (Big Endian),Unsigned,1,0,,,mV,
E888_0x0FC,0xfc,252,8,Dig3,39,16,Motorola (Big Endian),Unsigned,0.1,0,,,Hz,
E888_0x0FC,0xfc,252,8,Dig1,39,16,Motorola (Big Endian),Unsigned,0.1,0,,,Hz,
E888_0x0FC,0xfc,252,8,TC5,39,16,Motorola (Big Endian),Signed,0.25,0,,,C,
E888_0x0FC,0xfc,252,8,TC3,39,16,Motorola (Big Endian),Signed,0.25,0,,,C,
E888_0x0FC,0xfc,252,8,TC1,39,16,Motorola (Big Endian),Signed,0.25,0,,,C,
E888_0x0FC,0xfc,252,8,Dig4,55,16,Motorola (Big Endian),Unsigned,0.1,0,,,Hz,
E888_0x0FC,0xfc,252,8,Dig2,55,16,Motorola (Big Endian),Unsigned,0.1,0,,,Hz,
E888_0x0FC,0xfc,252,8,TC6,55,16,Motorola (Big Endian),Signed,0.25,0,,,C,
E888_0x0FC,0xfc,252,8,TC4,55,16,Motorola (Big Endian),Signed,0.25,0,,,C,
E888_0x0FC,0xfc,252,8,TC2,55,16,Motorola (Big Endian),Signed,0.25,0,,,C,
E888_0x0F8,0xf8,248,8,ID1,7,3,Motorola (Big Endian),Unsigned,1,0,,,,
E888_0x0F8,0xf8,248,8,AV8,4,13,Motorola (Big Endian),Unsigned,1,0,,,mV,
E888_0x0F8,0xf8,248,8,AV7,4,13,Motorola (Big Endian),Unsigned,1,0,,,mV,
E888_0x0F8,0xf8,248,8,AV5,4,13,Motorola (Big Endian),Unsigned,1,0,,,mV,
E888_0x0F8,0xf8,248,8,AV3,4,13,Motorola (Big Endian),Unsigned,1,0,,,mV,
E888_0x0F8,0xf8,248,8,AV1,4,13,Motorola (Big Endian),Unsigned,1,0,,,mV,
E888_0x0F8,0xf8,248,8,TC8,23,16,Motorola (Big Endian),Signed,0.25,0,,,C,
E888_0x0F8,0xf8,248,8,TC7,23,16,Motorola (Big Endian),Signed,0.25,0,,,C,
E888_0x0F8,0xf8,248,8,AV6,23,16,Motorola (Big Endian),Unsigned,1,0,,,mV,
E888_0x0F8,0xf8,248,8,AV4,23,16,Motorola (Big Endian),Unsigned,1,0,,,mV,
E888_0x0F8,0xf8,248,8,AV2,23,16,Motorola (Big Endian),Unsigned,1,0,,,mV,
E888_0x0F8,0xf8,248,8,Dig3,39,16,Motorola (Big Endian),Unsigned,0.1,0,,,Hz,
E888_0x0F8,0xf8,248,8,Dig1,39,16,Motorola (Big Endian),Unsigned,0.1,0,,,Hz,
E888_0x0F8,0xf8,248,8,TC5,39,16,Motorola (Big Endian),Signed,0.25,0,,,C,
E888_0x0F8,0xf8,248,8,TC3,39,16,Motorola (Big Endian),Signed,0.25,0,,,C,
E888_0x0F8,0xf8,248,8,TC1,39,16,Motorola (Big Endian),Signed,0.25,0,,,C,
E888_0x0F8,0xf8,248,8,Dig4,55,16,Motorola (Big Endian),Unsigned,0.1,0,,,Hz,
E888_0x0F8,0xf8,248,8,Dig2,55,16,Motorola (Big Endian),Unsigned,0.1,0,,,Hz,
E888_0x0F8,0xf8,248,8,TC6,55,16,Motorola (Big Endian),Signed,0.25,0,,,C,
E888_0x0F8,0xf8,248,8,TC4,55,16,Motorola (Big Endian),Signed,0.25,0,,,C,
E888_0x0F8,0xf8,248,8,TC2,55,16,Motorola (Big Endian),Signed,0.25,0,,,C,
E888_0x0F7,0xf7,247,8,ID3,7,8,Motorola (Big Endian),Unsigned,1,0,,,,
E888_0x0F7,0xf7,247,8,PWM_7_Duty,15,8,Motorola (Big Endian),Unsigned,0.3921568627,0,0,99.9999999885,%,
E888_0x0F7,0xf7,247,8,PWM_5_Duty,15,8,Motorola (Big Endian),Unsigned,0.3921568627,0,0,99.9999999885,%,
E888_0x0F7,0xf7,247,8,PWM_3_Duty,15,8,Motorola (Big Endian),Unsigned,0.3921568627,0,0,99.9999999885,%,
E888_0x0F7,0xf7,247,8,PWM_1_Duty,15,8,Motorola (Big Endian),Unsigned,0.3921568627,0,0,99.9999999885,%,
E888_0x0F7,0xf7,247,8,PWM_7_Frequency,23,16,Motorola (Big Endian),Unsigned,1,0,,,Hz,
E888_0x0F7,0xf7,247,8,PWM_5_Frequency,23,16,Motorola (Big Endian),Unsigned,1,0,,,Hz,
E888_0x0F7,0xf7,247,8,PWM_3_Frequency,23,16,Motorola (Big Endian),Unsigned,1,0,,,Hz,
E888_0x0F7,0xf7,247,8,PWM_1_Frequency,23,16,Motorola (Big Endian),Unsigned,1,0,,,Hz,
E888_0x0F7,0xf7,247,8,PWM_8_Duty,47,8,Motorola (Big Endian),Unsigned,0.3921568627,0,0,99.9999999885,%,
E888_0x0F7,0xf7,247,8,PWM_6_Duty,47,8,Motorola (Big Endian),Unsigned,0.3921568627,0,0,99.9999999885,%,
E888_0x0F7,0xf7,247,8,PWM_4_Duty,47,8,Motorola (Big Endian),Unsigned,0.3921568627,0,0,99.9999999885,%,
E888_0x0F7,0xf7,247,8,PWM_2_Duty,47,8,Motorola (Big Endian),Unsigned,0.3921568627,0,0,99.9999999885,%,
E888_0x0F7,0xf7,247,8,PWM_8_Frequency,55,16,Motorola (Big Endian),Unsigned,1,0,,,Hz,
E888_0x0F7,0xf7,247,8,PWM_6_Frequency,55,16,Motorola (Big Endian),Unsigned,1,0,,,Hz,
E888_0x0F7,0xf7,247,8,PWM_4_Frequency,55,16,Motorola (Big Endian),Unsigned,1,0,,,Hz,
E888_0x0F7,0xf7,247,8,PWM_2_Frequency,55,16,Motorola (Big Endian),Unsigned,1,0,,,Hz,
E888_0x0F5,0xf5,245,8,ID2,7,4,Motorola (Big Endian),Unsigned,1,0,,,,
E888_0x0F5,0xf5,245,8,minus_5V,3,12,Motorola (Big Endian),Signed,0.01,0,,,V,
E888_0x0F5,0xf5,245,8,CJC1,3,12,Motorola (Big Endian),Unsigned,1,-200,,,C,
E888_0x0F5,0xf5,245,8,_4_5v,3,12,Motorola (Big Endian),Unsigned,0.01,0,,,V,
E888_0x0F5,0xf5,245,8,E888_Status_Flags,23,16,Motorola (Big Endian),Unsigned,1,0,,,,
E888_0x0F5,0xf5,245,8,CJC2,23,16,Motorola (Big Endian),Unsigned,1,-200,,,C,
E888_0x0F5,0xf5,245,8,_8vAux,23,16,Motorola (Big Endian),Unsigned,0.01,0,,,V,
E888_0x0F5,0xf5,245,8,Version_Number,39,16,Motorola (Big Endian),Unsigned,1,0,,,,
E888_0x0F5,0xf5,245,8,CJC3,39,16,Motorola (Big Endian),Unsigned,1,-200,,,C,
E888_0x0F5,0xf5,245,8,_5vAux,39,16,Motorola (Big Endian),Unsigned,0.01,0,,,V,
E888_0x0F5,0xf5,245,8,VBat,55,16,Motorola (Big Endian),Unsigned,0.01,0,,,V,
E888_0x0F5,0xf5,245,8,Dig1_6_State,53,6,Motorola (Big Endian),Unsigned,1,0,,,,
E888_0x0F5,0xf5,245,8,Output_Faults,59,4,Motorola (Big Endian),Unsigned,1,0,,,,
E888_0x0F4,0xf4,244,8,ID1,7,3,Motorola (Big Endian),Unsigned,1,0,,,,
E888_0x0F4,0xf4,244,8,AV8,4,13,Motorola (Big Endian),Unsigned,1,0,,,mV,
E888_0x0F4,0xf4,244,8,AV7,4,13,Motorola (Big Endian),Unsigned,1,0,,,mV,
E888_0x0F4,0xf4,244,8,AV5,4,13,Motorola (Big Endian),Unsigned,1,0,,,mV,
E888_0x0F4,0xf4,244,8,AV3,4,13,Motorola (Big Endian),Unsigned,1,0,,,mV,
E888_0x0F4,0xf4,244,8,AV1,4,13,Motorola (Big Endian),Unsigned,1,0,,,mV,
E888_0x0F4,0xf4,244,8,TC8,23,16,Motorola (Big Endian),Signed,0.25,0,,,C,
E888_0x0F4,0xf4,244,8,TC7,23,16,Motorola (Big Endian),Signed,0.25,0,,,C,
E888_0x0F4,0xf4,244,8,AV6,23,16,Motorola (Big Endian),Unsigned,1,0,,,mV,
E888_0x0F4,0xf4,244,8,AV4,23,16,Motorola (Big Endian),Unsigned,1,0,,,mV,
E888_0x0F4,0xf4,244,8,AV2,23,16,Motorola (Big Endian),Unsigned,1,0,,,mV,
E888_0x0F4,0xf4,244,8,Dig3,39,16,Motorola (Big Endian),Unsigned,0.1,0,,,Hz,
E888_0x0F4,0xf4,244,8,Dig1,39,16,Motorola (Big Endian),Unsigned,0.1,0,,,Hz,
E888_0x0F4,0xf4,244,8,TC5,39,16,Motorola (Big Endian),Signed,0.25,0,,,C,
E888_0x0F4,0xf4,244,8,TC3,39,16,Motorola (Big Endian),Signed,0.25,0,,,C,
E888_0x0F4,0xf4,244,8,TC1,39,16,Motorola (Big Endian),Signed,0.25,0,,,C,
E888_0x0F4,0xf4,244,8,Dig4,55,16,Motorola (Big Endian),Unsigned,0.1,0,,,Hz,
E888_0x0F4,0xf4,244,8,Dig2,55,16,Motorola (Big Endian),Unsigned,0.1,0,,,Hz,
E888_0x0F4,0xf4,244,8,TC6,55,16,Motorola (Big Endian),Signed,0.25,0,,,C,
E888_0x0F4,0xf4,244,8,TC4,55,16,Motorola (Big Endian),Signed,0.25,0,,,C,
E888_0x0F4,0xf4,244,8,TC2,55,16,Motorola (Big Endian),Signed,0.25,0,,,C,
E888_0x0F3,0xf3,243,8,ID3,7,8,Motorola (Big Endian),Unsigned,1,0,,,,
E888_0x0F3,0xf3,243,8,PWM_7_Duty,15,8,Motorola (Big Endian),Unsigned,0.3921568627,0,0,99.9999999885,%,
E888_0x0F3,0xf3,243,8,PWM_5_Duty,15,8,Motorola (Big Endian),Unsigned,0.3921568627,0,0,99.9999999885,%,
E888_0x0F3,0xf3,243,8,PWM_3_Duty,15,8,Motorola (Big Endian),Unsigned,0.3921568627,0,0,99.9999999885,%,
E888_0x0F3,0xf3,243,8,PWM_1_Duty,15,8,Motorola (Big Endian),Unsigned,0.3921568627,0,0,99.9999999885,%,
E888_0x0F3,0xf3,243,8,PWM_7_Frequency,23,16,Motorola (Big Endian),Unsigned,1,0,,,Hz,
E888_0x0F3,0xf3,243,8,PWM_5_Frequency,23,16,Motorola (Big Endian),Unsigned,1,0,,,Hz,
E888_0x0F3,0xf3,243,8,PWM_3_Frequency,23,16,Motorola (Big Endian),Unsigned,1,0,,,Hz,
E888_0x0F3,0xf3,243,8,PWM_1_Frequency,23,16,Motorola (Big Endian),Unsigned,1,0,,,Hz,
E888_0x0F3,0xf3,243,8,PWM_8_Duty,47,8,Motorola (Big Endian),Unsigned,0.3921568627,0,0,99.9999999885,%,
E888_0x0F3,0xf3,243,8,PWM_6_Duty,47,8,Motorola (Big Endian),Unsigned,0.3921568627,0,0,99.9999999885,%,
E888_0x0F3,0xf3,243,8,PWM_4_Duty,47,8,Motorola (Big Endian),Unsigned,0.3921568627,0,0,99.9999999885,%,
E888_0x0F3,0xf3,243,8,PWM_2_Duty,47,8,Motorola (Big Endian),Unsigned,0.3921568627,0,0,99.9999999885,%,
E888_0x0F3,0xf3,243,8,PWM_8_Frequency,55,16,Motorola (Big Endian),Unsigned,1,0,,,Hz,
E888_0x0F3,0xf3,243,8,PWM_6_Frequency,55,16,Motorola (Big Endian),Unsigned,1,0,,,Hz,
E888_0x0F3,0xf3,243,8,PWM_4_Frequency,55,16,Motorola (Big Endian),Unsigned,1,0,,,Hz,
E888_0x0F3,0xf3,243,8,PWM_2_Frequency,55,16,Motorola (Big Endian),Unsigned,1,0,,,Hz,
E888_0x0F1,0xf1,241,8,ID2,7,4,Motorola (Big Endian),Unsigned,1,0,,,,
E888_0x0F1,0xf1,241,8,minus_5V,3,12,Motorola (Big Endian),Signed,0.01,0,,,V,
E888_0x0F1,0xf1,241,8,CJC1,3,12,Motorola (Big Endian),Unsigned,1,-200,,,C,
E888_0x0F1,0xf1,241,8,_4_5v,3,12,Motorola (Big Endian),Unsigned,0.01,0,,,V,
E888_0x0F1,0xf1,241,8,E888_Status_Flags,23,16,Motorola (Big Endian),Unsigned,1,0,,,,
E888_0x0F1,0xf1,241,8,CJC2,23,16,Motorola (Big Endian),Unsigned,1,-200,,,C,
E888_0x0F1,0xf1,241,8,_8vAux,23,16,Motorola (Big Endian),Unsigned,0.01,0,,,V,
E888_0x0F1,0xf1,241,8,Version_Number,39,16,Motorola (Big Endian),Unsigned,1,0,,,,
E888_0x0F1,0xf1,241,8,CJC3,39,16,Motorola (Big Endian),Unsigned,1,-200,,,C,
E888_0x0F1,0xf1,241,8,_5vAux,39,16,Motorola (Big Endian),Unsigned,0.01,0,,,V,
E888_0x0F1,0xf1,241,8,VBat,55,16,Motorola (Big Endian),Unsigned,0.01,0,,,V,
E888_0x0F1,0xf1,241,8,Dig1_6_State,53,6,Motorola (Big Endian),Unsigned,1,0,,,,
E888_0x0F1,0xf1,241,8,Output_Faults,59,4,Motorola (Big Endian),Unsigned,1,0,,,,
E888_0x0F0,0xf0,240,8,ID1,7,3,Motorola (Big Endian),Unsigned,1,0,,,,
E888_0x0F0,0xf0,240,8,AV8,4,13,Motorola (Big Endian),Unsigned,1,0,,,mV,
E888_0x0F0,0xf0,240,8,AV7,4,13,Motorola (Big Endian),Unsigned,1,0,,,mV,
E888_0x0F0,0xf0,240,8,AV5,4,13,Motorola (Big Endian),Unsigned,1,0,,,mV,
E888_0x0F0,0xf0,240,8,AV3,4,13,Motorola (Big Endian),Unsigned,1,0,,,mV,
E888_0x0F0,0xf0,240,8,AV1,4,13,Motorola (Big Endian),Unsigned,1,0,,,mV,
E888_0x0F0,0xf0,240,8,TC8,23,16,Motorola (Big Endian),Signed,0.25,0,,,C,
E888_0x0F0,0xf0,240,8,TC7,23,16,Motorola (Big Endian),Signed,0.25,0,,,C,
E888_0x0F0,0xf0,240,8,AV6,23,16,Motorola (Big Endian),Unsigned,1,0,,,mV,
E888_0x0F0,0xf0,240,8,AV4,23,16,Motorola (Big Endian),Unsigned,1,0,,,mV,
E888_0x0F0,0xf0,240,8,AV2,23,16,Motorola (Big Endian),Unsigned,1,0,,,mV,
E888_0x0F0,0xf0,240,8,Dig3,39,16,Motorola (Big Endian),Unsigned,0.1,0,,,Hz,
E888_0x0F0,0xf0,240,8,Dig1,39,16,Motorola (Big Endian),Unsigned,0.1,0,,,Hz,
E888_0x0F0,0xf0,240,8,TC5,39,16,Motorola (Big Endian),Signed,0.25,0,,,C,
E888_0x0F0,0xf0,240,8,TC3,39,16,Motorola (Big Endian),Signed,0.25,0,,,C,
E888_0x0F0,0xf0,240,8,TC1,39,16,Motorola (Big Endian),Signed,0.25,0,,,C,
E888_0x0F0,0xf0,240,8,Dig4,55,16,Motorola (Big Endian),Unsigned,0.1,0,,,Hz,
E888_0x0F0,0xf0,240,8,Dig2,55,16,Motorola (Big Endian),Unsigned,0.1,0,,,Hz,
E888_0x0F0,0xf0,240,8,TC6,55,16,Motorola (Big Endian),Signed,0.25,0,,,C,
E888_0x0F0,0xf0,240,8,TC4,55,16,Motorola (Big Endian),Signed,0.25,0,,,C,
E888_0x0F0,0xf0,240,8,TC2,55,16,Motorola (Big Endian),Signed,0.25,0,,,C,
